{"01": {"AC": [0.3693445398031263, 0.3716171476777199, 0.3767328916382636, 0.3681723469169288, 0.3691679575751451, 0.3695381813023652, 0.36989686711806086, 0.36767817802383357, 0.36681742714512255, 0.3634235040536628, 0.38436565162410874, 0.3864171485806299], "Broca": [0.3019940136006047, 0.28422708674452457, 0.2685827445183796, 0.2753338228742058, 0.26684474701793465, 0.2943428224799182, 0.27828835039572436, 0.2926824558413489, 0.2895862214822934, 0.28786639828049665, 0.30989049343835573, 0.29597789105536965], "sPMv": [0.38257955682271716, 0.3805661493086429, 0.3702569115853813, 0.3781965511127863, 0.3730604560130126, 0.3831397576434489, 0.37125191324710244, 0.3691918743876771, 0.3818113801425545, 0.37700769060468176, 0.3826426405034271, 0.38541135832498113], "ATFP": [0.1126504405553632, 0.09289120876035939, 0.10106461323864363, 0.09855068376566635, 0.10300945183025645, 0.10116935634614045, 0.10165247129641818, 0.09845705030738269, 0.10196245490262369, 0.097371315259047, 0.10239259869321433, 0.10533345339960024], "cIPL": [0.30480613665259687, 0.30328013117222385, 0.30331089469636097, 0.2937862683711261, 0.311485417030412, 0.32671951439557334, 0.30978697207671674, 0.3044403854685323, 0.31200600870476036, 0.31130082849259805, 0.3225368954161086, 0.3232813605027692], "hMT": [0.4667241995232715, 0.47459569081018804, 0.45833730173517523, 0.4716769020360254, 0.47286962421532136, 0.47398419469211106, 0.47180778778499566, 0.46969720052873276, 0.4752110944192988, 0.4796300693175166, 0.4757934413416933, 0.4859720418687607], "IPS": [0.33047422293638545, 0.31017904426870513, 0.30168312883062454, 0.3075699755254701, 0.30598741889600595, 0.31351155643530865, 0.31106305926192584, 0.30632976500361436, 0.32267747426481674, 0.3160457789757035, 0.32527118451765574, 0.33283423769436765], "LO": [0.47832979420719896, 0.45866614455576, 0.4597315750783644, 0.4574191833370735, 0.4556906793687169, 0.4647124933293874, 0.4692168253002156, 0.46473999818254524, 0.45942540386964864, 0.46763952096526323, 0.4742853142014294, 0.47768576074582725], "OFA": [0.38418714361942036, 0.37406396507055184, 0.3583559058314367, 0.38731705565733376, 0.3796903286264552, 0.3760626648053114, 0.38414095660981373, 0.3853056218266373, 0.40481953542845295, 0.4016809405767491, 0.3985539649146503, 0.3958544136530122], "OPA": [0.31101676110724635, 0.28688125582126084, 0.2842948262550698, 0.2871739577439341, 0.29645978872742373, 0.2932532787573324, 0.3000757197216636, 0.29229161996787306, 0.28917819698127395, 0.29428259031333887, 0.3093527920807652, 0.3015614276124958], "pSTS": [0.3472015180882335, 0.34196717616976285, 0.3438233341481054, 0.3306089816146028, 0.33049836201667676, 0.34990024887507765, 0.34512549221184313, 0.34483726407807647, 0.34899358429894634, 0.34205551803608364, 0.36113597808585396, 0.3597809078491326], "VO": [0.2414194271809724, 0.22490725219014024, 0.2257247137770065, 0.22954993040873106, 0.23413365873807396, 0.23473694773936177, 0.22722462611260327, 0.2262586329146105, 0.22672476915827444, 0.24754593945832695, 0.24627729993599065, 0.25315901402380075]}, "02": {"AC": [0.40530379522562726, 0.40503606358677635, 0.4009431547189635, 0.39894599899075894, 0.3995928730143181, 0.39660536452589157, 0.40930892772857724, 0.40137631829148, 0.4085329306685269, 0.40223179683464627, 0.4057447090890134, 0.4075014144923789], "Broca": [0.25287981493591527, 0.2495675164483406, 0.248996580547259, 0.24726456324925417, 0.25521170467441795, 0.24305166306788742, 0.24174349062789108, 0.26396618131635036, 0.259634404432315, 0.2545581245218921, 0.2586398479483314, 0.25657145644542434], "sPMv": [0.34660284928440765, 0.3369502828046132, 0.3399274659752078, 0.3436894579174484, 0.3370348470720422, 0.3384169610024766, 0.3460540881198691, 0.3496963366489911, 0.35327086618918313, 0.34712680944517244, 0.334240792850193, 0.3478021279351815], "ATFP": [0.1441573386525742, 0.1362581254912103, 0.12206929814619016, 0.12368017812574013, 0.13745419235559753, 0.13525482976625963, 0.11953224254423843, 0.13181201129648357, 0.1357464652140512, 0.13271971071165575, 0.13178138323918437, 0.14986580866016788], "cIPL": [0.21993483678350395, 0.2104094079369112, 0.20259032126773094, 0.2108080216245086, 0.20797201534418935, 0.21086039823311187, 0.20999081518055385, 0.21942074512910018, 0.2186912497323577, 0.21965385393078166, 0.21512939815280765, 0.21856884813702226], "hMT": [0.4361156755549377, 0.42222675824557643, 0.42243019430451056, 0.44306313935859676, 0.42895908020427176, 0.43447950507615013, 0.42826847113541505, 0.4315325752016016, 0.4266521572696461, 0.4250465207726682, 0.4207340769203968, 0.4233667342788256], "IPS": [0.40250042888503046, 0.39184605857301574, 0.38504064253528897, 0.3915553946361132, 0.39201055088203884, 0.39537118368576557, 0.4074985967961481, 0.4056672110146011, 0.407734059671673, 0.41321540286778424, 0.41442057321682874, 0.40800438007262296], "LO": [0.3256418489929, 0.32025274689988237, 0.31313336313595486, 0.32530884790645587, 0.33791435493716526, 0.3405001581432372, 0.3363117622116604, 0.33072538510980076, 0.3394932127175791, 0.33376933223921673, 0.32890698129389, 0.33778325619868693], "OFA": [0.38185057121874494, 0.3507943714932223, 0.3532162568582352, 0.34731898353075286, 0.3619774580971295, 0.3562402956572372, 0.37435817035980995, 0.35712779555828233, 0.3678581279252653, 0.3569164680821838, 0.36981548113268764, 0.3774783181823007], "OPA": [0.32502250617882267, 0.3126015053904974, 0.2997387674070997, 0.313062938953512, 0.31793823545175004, 0.32449248072593406, 0.3116140340447845, 0.3147146825432442, 0.324116838581299, 0.3237280822879822, 0.3237998824187735, 0.3325354654718447], "pSTS": [], "VO": [0.21033095757302703, 0.20860611012350525, 0.19546266641883178, 0.21357907046456318, 0.21198189752335114, 0.2073862186109859, 0.2163919607002299, 0.21185203390266413, 0.21337818523280006, 0.22119352198331796, 0.22171267259527216, 0.22770953016377057]}, "03": {"AC": [0.3520994437947232, 0.3607879856371545, 0.3511168745281284, 0.34663079891257526, 0.3467880154842559, 0.348613868414145, 0.34941713723053136, 0.3461205246256388, 0.3548658384554785, 0.35041756153518633, 0.3565360722238268, 0.3622510670374669], "Broca": [0.25619818259626453, 0.2463664903176162, 0.2354410992655647, 0.2308854043938317, 0.2328228852325487, 0.23996727802288337, 0.24051464793898653, 0.2417447420283245, 0.2459482025709175, 0.2458984587970372, 0.26126424642721974, 0.2531470965541293], "sPMv": [0.2863645518778538, 0.2918368129871845, 0.2871913553704447, 0.28163069946568337, 0.2819558684286782, 0.2892562377108481, 0.28972360664673863, 0.283553399910721, 0.28239692790089227, 0.28512257858199985, 0.28247151548619365, 0.2893481452902277], "ATFP": [0.15911934599089392, 0.13760504680391963, 0.1325920835937412, 0.1271883014144802, 0.13566711346804344, 0.14292025814552203, 0.13829404699647088, 0.14685880804359763, 0.14517527266746666, 0.14397361049409305, 0.15436028767792645, 0.15365763998081816], "cIPL": [], "hMT": [0.446974289257915, 0.43500590554467583, 0.44697007244390924, 0.4476630746638514, 0.45041559138059684, 0.44864104950465683, 0.43942504897301815, 0.4481606784299408, 0.4444229551506899, 0.4484775614936333, 0.4432157891827526, 0.4379546024624403], "IPS": [0.3602241807161714, 0.35638918500693334, 0.3421213901516767, 0.34813496654740467, 0.35131183676088, 0.35528238374489457, 0.3531122482888621, 0.36845549927514765, 0.35691014494495343, 0.3582761707217841, 0.3625255724631738, 0.37009462983628744], "LO": [0.3465700474345537, 0.3395884093649903, 0.33223326471667064, 0.342078727122286, 0.3428957348238274, 0.3334092017039441, 0.3407137028430744, 0.34511458973745784, 0.3387238262789667, 0.3403812367824547, 0.33645305581999113, 0.32599116020057595], "OFA": [0.3071856947165576, 0.2936129746408155, 0.28171783990898613, 0.28018107843017553, 0.2859821686808054, 0.30015420615816985, 0.29486595886860223, 0.2886639842513763, 0.28926925712108537, 0.3043342956305093, 0.30520397013212974, 0.307335252823056],